지방선거일	2022-6-1	2022-6-2	65	2022-05-20 03:02:15	2022-05-20 03:02:15	10	0
대통령 선거	2022-3-9	2022-3-10	65	2022-05-20 03:02:15	2022-05-20 03:02:15	10	0
설날 연휴	2022-1-31	2022-2-1	65	2022-05-20 03:02:15	2022-05-20 03:02:15	10	0
부처님오신날	2023-5-27	2023-5-28	65	2022-05-20 03:02:15	2022-05-20 03:02:15	10	0
새해첫날	2023-1-1	2023-1-2	65	2022-05-20 03:02:15	2022-05-20 03:02:15	10	0
새해첫날	2022-1-1	2022-1-2	65	2022-05-20 03:02:15	2022-05-20 03:02:15	10	0
새해첫날	2021-1-1	2021-1-2	65	2022-05-20 03:02:15	2022-05-20 03:02:15	10	0
부처님오신날	2022-5-8	2022-5-9	65	2022-05-20 03:02:15	2022-05-20 03:02:15	10	0
부처님오신날	2021-5-19	2021-5-20	65	2022-05-20 03:02:15	2022-05-20 03:02:15	10	0
개천절	2023-10-3	2023-10-4	65	2022-05-20 03:02:15	2022-05-20 03:02:15	10	0
현충일	2023-6-6	2023-6-7	65	2022-05-20 03:02:15	2022-05-20 03:02:15	10	0
한글날	2022-10-9	2022-10-10	65	2022-05-20 03:02:15	2022-05-20 03:02:15	10	0
크리스마스	2023-12-25	2023-12-26	65	2022-05-20 03:02:15	2022-05-20 03:02:15	10	0
추석	2022-9-10	2022-9-11	65	2022-05-20 03:02:15	2022-05-20 03:02:15	10	0
어린이날	2022-5-5	2022-5-6	65	2022-05-20 03:02:15	2022-05-20 03:02:15	10	0
어린이날	2021-5-5	2021-5-6	65	2022-05-20 03:02:15	2022-05-20 03:02:15	10	0
설날 연휴	2021-2-12	2021-2-13	65	2022-05-20 03:02:15	2022-05-20 03:02:15	10	0
설날	2023-1-23	2023-1-24	65	2022-05-20 03:02:15	2022-05-20 03:02:15	10	0
현충일	2022-6-6	2022-6-7	65	2022-05-20 03:02:15	2022-05-20 03:02:15	10	0
추석	2023-9-29	2023-9-30	65	2022-05-20 03:02:15	2022-05-20 03:02:15	10	0
쉬는 날 한글날	2021-10-11	2021-10-12	65	2022-05-20 03:02:15	2022-05-20 03:02:15	10	0
쉬는 날 광복절	2021-8-16	2021-8-17	65	2022-05-20 03:02:15	2022-05-20 03:02:15	10	0
쉬는 날 개천절	2021-10-4	2021-10-5	65	2022-05-20 03:02:15	2022-05-20 03:02:15	10	0
설날 연휴	2023-1-23	2023-1-24	65	2022-05-20 03:02:15	2022-05-20 03:02:15	10	0
설날 연휴	2023-1-22	2023-1-23	65	2022-05-20 03:02:15	2022-05-20 03:02:15	10	0
설날 연휴	2022-2-2	2022-2-3	65	2022-05-20 03:02:15	2022-05-20 03:02:15	10	0
삼일절	2021-3-1	2021-3-2	65	2022-05-20 03:02:15	2022-05-20 03:02:15	10	0
광복절	2022-8-15	2022-8-16	65	2022-05-20 03:02:15	2022-05-20 03:02:15	10	0
광복절	2021-8-15	2021-8-16	65	2022-05-20 03:02:15	2022-05-20 03:02:15	10	0
현충일	2021-6-6	2021-6-7	65	2022-05-20 03:02:15	2022-05-20 03:02:15	10	0
한글날	2021-10-9	2021-10-10	65	2022-05-20 03:02:15	2022-05-20 03:02:15	10	0
크리스마스	2022-12-25	2022-12-26	65	2022-05-20 03:02:15	2022-05-20 03:02:15	10	0
크리스마스	2021-12-25	2021-12-26	65	2022-05-20 03:02:15	2022-05-20 03:02:15	10	0
추석 연휴	2022-9-11	2022-9-12	65	2022-05-20 03:02:15	2022-05-20 03:02:15	10	0
추석 연휴	2021-9-20	2021-9-21	65	2022-05-20 03:02:15	2022-05-20 03:02:15	10	0
추석	2021-9-21	2021-9-22	65	2022-05-20 03:02:15	2022-05-20 03:02:15	10	0
어린이날	2023-5-5	2023-5-6	65	2022-05-20 03:02:15	2022-05-20 03:02:15	10	0
설날	2022-2-1	2022-2-2	65	2022-05-20 03:02:15	2022-05-20 03:02:15	10	0
삼일절	2023-3-1	2023-3-2	65	2022-05-20 03:02:15	2022-05-20 03:02:15	10	0
삼일절	2022-3-1	2022-3-2	65	2022-05-20 03:02:15	2022-05-20 03:02:15	10	0
개천절	2022-10-3	2022-10-4	65	2022-05-20 03:02:15	2022-05-20 03:02:15	10	0
한글날	2023-10-9	2023-10-10	65	2022-05-20 03:02:15	2022-05-20 03:02:15	10	0
추석 연휴	2023-9-28	2023-9-29	65	2022-05-20 03:02:15	2022-05-20 03:02:15	10	0
추석 연휴	2022-9-9	2022-9-10	65	2022-05-20 03:02:15	2022-05-20 03:02:15	10	0
추석 연휴	2021-9-22	2021-9-23	65	2022-05-20 03:02:15	2022-05-20 03:02:15	10	0
광복절	2023-8-15	2023-8-16	65	2022-05-20 03:02:15	2022-05-20 03:02:15	10	0
개천절	2021-10-3	2021-10-4	65	2022-05-20 03:02:15	2022-05-20 03:02:15	10	0
추석 연휴	2023-9-30	2023-10-1	65	2022-05-20 03:02:15	2022-05-20 03:02:15	10	0
설날 연휴	2021-2-13	2021-2-14	65	2022-05-20 03:02:15	2022-05-20 03:02:15	10	0
설날	2021-2-12	2021-2-13	65	2022-05-20 03:02:15	2022-05-20 03:02:15	10	0
